<?xml version="1.0" ?>
<product>
   <id>346467</id>
   <name>Ручка Тыква</name>
   <size>onesize</size>
   <price>20.30</price>
   <weight>20</weight>
   <pics>1</pics>
   <description>Модная Ручка Тыква дополнит ваш пенал свежими красками. Вы можете насладиться невероятным балансом цены и качества в нашем магазине. Бренд Е-МАГ - все что нужно вам и вашим близким.</description>
   <pic>/static/pics/346467.png</pic>
   <page>/catalog/details/346467.xml</page>
</product>
