<?xml version="1.0" ?>
<product>
   <id>236526</id>
   <name>Ручка Виноград</name>
   <size>XXL</size>
   <price>10.67</price>
   <weight>20</weight>
   <pics>1</pics>
   <description>Модная Ручка Виноград дополнит ваш пенал свежими красками. Вы можете насладиться невероятным балансом цены и качества в нашем магазине. Бренд Е-МАГ - все что нужно вам и вашим близким.</description>
   <pic>/static/pics/236526.png</pic>
   <page>/catalog/details/236526.xml</page>
</product>
