<?xml version="1.0" ?>
<product>
   <id>463463</id>
   <name>Кружка Яблоко</name>
   <size>XXL</size>
   <price>143.98</price>
   <weight>100</weight>
   <pics>1</pics>
   <description>Модная Кружка Яблоко дополнит ваш сервант свежими красками. Вы можете насладиться невероятным балансом цены и качества в нашем магазине. Бренд Е-МАГ - все что нужно вам и вашим близким.</description>
   <pic>/static/pics/463463.png</pic>
   <page>/catalog/details/463463.xml</page>
</product>
