<?xml version="1.0" ?>
<product>
   <id>235622</id>
   <name>Ручка Яблоко</name>
   <size>XXL</size>
   <price>14.98</price>
   <weight>20</weight>
   <pics>1</pics>
   <description>Модная Ручка Яблоко дополнит ваш пенал свежими красками. Вы можете насладиться невероятным балансом цены и качества в нашем магазине. Бренд Е-МАГ - все что нужно вам и вашим близким.</description>
   <pic>/static/pics/235622.png</pic>
   <page>/catalog/details/235622.xml</page>
</product>
