<?xml version="1.0" ?>
<product>
   <id>569855</id>
   <name>Ручка Свекла</name>
   <size>onesize</size>
   <price>10.31</price>
   <weight>20</weight>
   <pics>1</pics>
   <description>Модная Ручка XXL Свекла дополнит ваш пенал свежими красками. Вы можете насладиться невероятным балансом цены и качества в нашем магазине. Бренд Е-МАГ - все что нужно вам и вашим близким.</description>
   <pic>/static/pics/569855.png</pic>
   <page>/catalog/details/569855.xml</page>
</product>
