<?xml version="1.0" ?>
<product>
   <id>590785</id>
   <name>Ручка Персик</name>
   <size>XXL</size>
   <price>10.34</price>
   <weight>20</weight>
   <pics>1</pics>
   <description>Модная Ручка Персик дополнит ваш пенал свежими красками. Вы можете насладиться невероятным балансом цены и качества в нашем магазине. Бренд Е-МАГ - все что нужно вам и вашим близким.</description>
   <pic>/static/pics/590785.png</pic>
   <page>/catalog/details/590785.xml</page>
</product>
