<?xml version="1.0" ?>
<product>
   <id>376367</id>
   <name>Кружка Брокколи</name>
   <size>XXL</size>
   <price>105.84</price>
   <weight>100</weight>
   <pics>1</pics>
   <description>Модная Кружка Брокколи дополнит ваш сервант свежими красками. Вы можете насладиться невероятным балансом цены и качества в нашем магазине. Бренд Е-МАГ - все что нужно вам и вашим близким.</description>
   <pic>/static/pics/376367.png</pic>
   <page>/catalog/details/376367.xml</page>
</product>
