<?xml version="1.0" ?>
<product>
   <id>235235</id>
   <name>Кружка Тыква</name>
   <size>onesize</size>
   <price>200.30</price>
   <weight>100</weight>
   <pics>1</pics>
   <description>Модная Кружка Тыква дополнит ваш сервант свежими красками. Вы можете насладиться невероятным балансом цены и качества в нашем магазине. Бренд Е-МАГ - все что нужно вам и вашим близким.</description>
   <pic>/static/pics/235235.png</pic>
   <page>/catalog/details/235235.xml</page>
</product>
