<?xml version="1.0" ?>
<product>
   <id>346233</id>
   <name>Кружка Свекла</name>
   <size>onesize</size>
   <price>101.31</price>
   <weight>100</weight>
   <pics>1</pics>
   <description>Модная Кружка XXL Свекла дополнит ваш сервант свежими красками. Вы можете насладиться невероятным балансом цены и качества в нашем магазине. Бренд Е-МАГ - все что нужно вам и вашим близким.</description>
   <pic>/static/pics/346233.png</pic>
   <page>/catalog/details/346233.xml</page>
</product>
