<?xml version="1.0" ?>
<product>
   <id>436333</id>
   <name>Кружка Банан</name>
   <size>XXL</size>
   <price>103.34</price>
   <weight>100</weight>
   <pics>1</pics>
   <description>Модная Кружка Банан дополнит ваш сервант свежими красками. Вы можете насладиться невероятным балансом цены и качества в нашем магазине. Бренд Е-МАГ - все что нужно вам и вашим близким.</description>
   <pic>/static/pics/436333.png</pic>
   <page>/catalog/details/436333.xml</page>
</product>
