<?xml version="1.0" ?>
<product>
   <id>634632</id>
   <name>Кружка Огурец</name>
   <size>XXL</size>
   <price>123.34</price>
   <weight>100</weight>
   <pics>1</pics>
   <description>Модная Кружка Огурец дополнит ваш сервант свежими красками. Вы можете насладиться невероятным балансом цены и качества в нашем магазине. Бренд Е-МАГ - все что нужно вам и вашим близким.</description>
   <pic>/static/pics/634632.png</pic>
   <page>/catalog/details/634632.xml</page>
</product>
