<?xml version="1.0" ?>
<product>
   <id>688690</id>
   <name>Ручка Банан</name>
   <size>XXL</size>
   <price>13.34</price>
   <weight>20</weight>
   <pics>1</pics>
   <description>Модная Ручка Банан дополнит ваш пенал свежими красками. Вы можете насладиться невероятным балансом цены и качества в нашем магазине. Бренд Е-МАГ - все что нужно вам и вашим близким.</description>
   <pic>/static/pics/688690.png</pic>
   <page>/catalog/details/688690.xml</page>
</product>
