<?xml version="1.0" ?>
<product>
   <id>867679</id>
   <name>Ручка Брокколи</name>
   <size>XXL</size>
   <price>10.84</price>
   <weight>20</weight>
   <pics>1</pics>
   <description>Модная Ручка Брокколи дополнит ваш пенал свежими красками. Вы можете насладиться невероятным балансом цены и качества в нашем магазине. Бренд Е-МАГ - все что нужно вам и вашим близким.</description>
   <pic>/static/pics/867679.png</pic>
   <page>/catalog/details/867679.xml</page>
</product>
