<?xml version="1.0" ?>
<product>
   <id>346733</id>
   <name>Кружка Ананас</name>
   <size>XXL</size>
   <price>159.34</price>
   <weight>100</weight>
   <pics>1</pics>
   <description>Модная Кружка Ананас дополнит ваш сервант свежими красками. Вы можете насладиться невероятным балансом цены и качества в нашем магазине. Бренд Е-МАГ - все что нужно вам и вашим близким.</description>
   <pic>/static/pics/346733.png</pic>
   <page>/catalog/details/346733.xml</page>
</product>
