<?xml version="1.0" ?>
<product>
   <id>634633</id>
   <name>Кружка Чеснок</name>
   <size>XXL</size>
   <price>103.24</price>
   <weight>100</weight>
   <pics>1</pics>
   <description>Модная Кружка Чеснок дополнит ваш сервант свежими красками. Вы можете насладиться невероятным балансом цены и качества в нашем магазине. Бренд Е-МАГ - все что нужно вам и вашим близким.</description>
   <pic>/static/pics/634633.png</pic>
   <page>/catalog/details/634633.xml</page>
</product>
