<?xml version="1.0" ?>
<product>
   <id>463333</id>
   <name>Кружка Персик</name>
   <size>XXL</size>
   <price>105.34</price>
   <weight>100</weight>
   <pics>1</pics>
   <description>Модная Кружка Персик дополнит ваш сервант свежими красками. Вы можете насладиться невероятным балансом цены и качества в нашем магазине. Бренд Е-МАГ - все что нужно вам и вашим близким.</description>
   <pic>/static/pics/463333.png</pic>
   <page>/catalog/details/463333.xml</page>
</product>
